x,y,class
0.1,0.0,1
0.10189384004065603,0.0012817850810649047,1
0.10377095579040597,0.002611210157035311,1
0.10563044848839631,0.003988053520392928,1
0.10747142235267373,0.005412078392454319,1
0.10929298481710609,0.0068830329638301544,1
0.11109424676774933,0.008400650438459757,1
0.112874322778608,0.009964649081213348,1
0.11463233134673693,0.011574732269053584,1
0.11636739512663187,0.013230588545747268,1
0.1180786411638568,0.014931891680117316,1
0.11976520112785627,0.016678300727824377,1
0.12142621154390087,0.0184694600966667,1
0.12306081402411383,0.02030499961538614,1
0.12466815549752769,0.022184534605967393,1
0.1262473884391196,0.024107665959416907,1
0.12779767109777382,0.026073980215007043,1
0.12931816772312119,0.02808304964297051,1
0.13080804879120397,0.030134432330629117,1
0.13226649122891632,0.032227672271940386,1
0.13369267863716977,0.0343622994604448,1
0.1350858015127338,0.03653782998559553,1
0.1364450574687016,0.038753766132452065,1
0.13776965145353184,0.04100959648471826,1
0.1390587959686168,0.04330479603110467,1
0.1403117112843283,0.04563882627499427,1
0.14152762565449242,0.048011135347390044,1
0.14270577552924518,0.05042115812312223,1
0.14384540576622037,0.05286831634029209,1
0.14494576984002258,0.05535201872292884,1
0.14600613004993765,0.05787166110683504,1
0.14702575772583346,0.060426626568595744,1
0.14800393343220453,0.06301628555772558,1
0.1489399471703141,0.06563999603192727,1
0.1498330985783879,0.06829710359543488,1
0.15068269712981303,0.07098694164041365,1
0.15148806232929862,0.07370883149138838,1
0.1522485239069517,0.07646208255267133,1
0.15296342201022475,0.0792459924587597,1
0.1536321073936909,0.08205984722767277,1
0.15425394160660313,0.08490292141719738,1
0.1548282971781947,0.08777447828401055,1
0.15535455780067722,0.09067376994564667,1
0.15583211850989542,0.09360003754527685,1
0.1562603858635961,0.09655251141926662,1
0.15663877811727006,0.09953041126747816,1
0.15696672539752626,0.1025329463262827,1
0.1572436698729582,0.10555931554424693,1
0.15746906592246251,0.10860870776045913,1
0.15764238030097,0.11168030188545701,1
0.15776309230255142,0.11477326708472162,1
0.1578306939208584,0.11788676296469909,1
0.15784469000686327,0.12101993976131223,1
0.15780459842385897,0.12417193853092372,1
0.15770995019968367,0.12734189134371127,1
0.15756028967613375,0.13052892147941547,1
0.1573551746555286,0.13373214362541982,1
0.1570941765443939,0.13695066407712217,1
0.15677688049422767,0.1401835809405569,1
0.15640288553931583,0.14342998433722517,1
0.15597180473156394,0.14668895661109183,1
0.1554832652723125,0.14995957253770562,1
0.1549369086411039,0.15324089953540027,1
0.15433239072136928,0.1565319978785317,1
0.15366938192300497,0.1598319209127083,1
0.15294756730180772,0.16313971527196885,1
0.15216664667573998,0.16645442109786382,1
0.1513263347379954,0.1697750722603938,1
0.15042636116683716,0.17310069658075977,1
0.1494664707321809,0.1764303160558787,1
0.14844642339889552,0.1797629470846176,1
0.14736599442679565,0.18309760069569941,1
0.14622497446729976,0.18643328277723256,1
0.14502316965672965,0.18976899430781688,1
0.1437604017062263,0.19310373158917718,1
0.14243650798825871,0.19643648648027662,1
0.14105134161970326,0.19976624663285963,1
0.1396047715414707,0.2030919957283767,1
0.13809668259465974,0.20641271371623982,1
0.13652697559321622,0.20972737705335998,1
0.13489556739307743,0.2130349589449154,1
0.13320239095778322,0.21633442958630064,1
0.13144739542053377,0.21962475640620555,1
0.1296305461426774,0.22290490431077198,1
0.12775182476861024,0.22617383592877932,1
0.12581122927707167,0.22943051185780414,1
0.12380877402881989,0.23267389091130364,1
0.12174448981067208,0.2359029303665713,1
0.11961842387589544,0.23911658621351084,1
0.11743063998093534,0.2423138134041768,1
0.11518121841846705,0.24549356610302847,1
0.11287025604676068,0.24865479793784512,1
0.11049786631534614,0.2517964622512477,1
0.10806417928696908,0.2549175123527747,1
0.10556934165582676,0.25801690177145875,1
0.10301351676207596,0.26109358450884945,1
0.10039688460260407,0.26414651529242916,1
0.09771964183805544,0.26717464982936734,1
0.0949820017961075,0.27017694506055995,1
0.09218419447098965,0.2731523594148987,1
0.08932646651923969,0.27609985306371665,1
0.0864090812516941,0.27901838817535546,1
0.08343231862170837,0.28190692916979937,1
0.08039647520960361,0.28476444297332215,1
0.07730186420333854,0.2875898992730911,1
0.07414881537540495,0.29038227077167483,1
0.07093767505594632,0.29314053344139934,1
0.06766880610209926,0.2958636667784973,1
0.06434258786355969,0.29855065405699605,1
0.06095941614437537,0.30120048258229043,1
0.05751970316096639,0.303812143944344,1
0.05402387749637835,0.3063846342704647,1
0.05047238405077193,0.3089169544776007,1
0.04686568398815296,0.311408110524101,1
0.043204254679350004,0.31385711366088603,1
0.03948858964124539,0.3162629806819746,1
0.035719198472266345,0.31862473417431164,1
0.03189660678414545,0.3209414027668425,1
0.028021356129958656,0.32321202137878025,1
0.024094003928449965,0.32543563146701043,1
0.020115123384654293,0.32761128127258077,1
0.01608530340682904,0.3297380260662196,1
0.012005148519705775,0.3318149283928319,1
0.007875278774076025,0.33384105831491656,1
0.0036963296527234677,0.33581549365485336,1
-0.0005310480272822636,0.3377373202360048,1
-0.004806188215916413,0.33960563212258044,1
-0.009128409735137356,0.34141953185821106,1
-0.013497016387416414,0.34317813070317804,1
-0.017911297067842617,0.3448805488702477,1
-0.02237052587978302,0.3465259157590566,1
-0.02687396225408043,0.34811337018899613,1
-0.03142085107176973,0.3496420606305445,1
-0.036010422790291055,0.35111114543499455,1
-0.04064189357317957,0.35251979306252634,1
-0.04531446542321072,0.35386718230857234,1
-0.050027326318976856,0.35515250252842484,1
-0.05477965035487354,0.3563749538600369,1
-0.059570597884470354,0.35753374744496325,1
-0.0643993156672427,0.3586281056473936,1
-0.06926493701863816,0.3596572622712289,1
-0.07416658196345138,0.36062046277514975,1
-0.07910335739248187,0.3615169644856295,1
-0.08407435722244527,0.3623460368078422,1
-0.08907866255911116,0.36310696143441995,1
-0.09411534186363857,0.36379903255200746,1
-0.09918345112207841,0.3644215570455706,1
-0.10428203401801335,0.3649738547004104,1
-0.10941012210830468,0.36545525840183457,1
-0.11456673500191297,0.3658651143324433,1
-0.11975088054176102,0.36620278216697993,1
-0.12496155498960705,0.36646763526470566,1
-0.13019774321389257,0.36665906085924893,1
-0.13545841888053148,0.3667764602458883,1
-0.14074254464660652,0.36681924896622337,1
-0.14604907235693546,0.36678685699019087,1
-0.1513769432434722,0.3666787288953827,1
-0.15672508812750516,0.3664943240436234,1
-0.16209242762461673,0.36623311675476555,1
-0.167477872352364,0.36589459647766087,1
-0.17288032314064253,0.3654782679582666,1
-0.17829867124469553,0.364983651404847,1
-0.183731798560726,0.3644102826502293,1
-0.18917857784407305,0.3637577133110754,1
-0.19463787292991108,0.3630255109441297,1
-0.20010853895642916,0.3622132591994073,1
-0.20558942259045085,0.3613205579702805,1
-0.21107936225544835,0.3603470235404309,1
-0.21657718836191087,0.3592922887276289,1
-0.22208172354002126,0.35815600302430334,1
-0.2275917828745979,0.35693783273486834,1
-0.23310617414225493,0.35563746110977146,1
-0.2386236980507397,0.35425458847622904,1
-0.244143148480396,0.3527889323656154,1
-0.24966331272771058,0.3512402276374734,1
-0.25518297175089516,0.34960822660011426,1
-0.260700900417456,0.3478926991277738,1
-0.2662158677537034,0.3460934327742972,1
-0.2717266371961531,0.34421023288331715,1
-0.27723196684477164,0.34224292269490186,1
-0.28273060971801395,0.3401913434486393,1
-0.2882213140096065,0.3380553544831313,1
-0.293702823347024,0.3358348333318704,1
-0.2991738770516106,0.33352967581547177,1
-0.30463321040029273,0.33113979613023475,1
-0.3100795548888351,0.32866512693300726,1
-0.3155116384965856,0.3261056194223308,1
-0.32092818595265865,0.32346124341583987,1
-0.32632791900350394,0.3207319874238928,1
-0.3317095566818085,0.3179178587194131,1
-0.3370718155766772,0.3150188834039177,1
-0.3424134101050418,0.31203510646971133,1
-0.34773305278424005,0.3089665918582271,1
-0.35302945450571555,0.30581342251449495,1
-0.35830132480978005,0.30257570043771576,1
-0.3635473721613858,0.29925354672792637,1
-0.3687663042268528,0.2958471016287367,1
-0.37395682815149434,0.2923565245661227,1
-0.37911765083808735,0.2887819941832587,1
-0.3842474792261299,0.2851237083713746,1
-0.3893450205718308,0.2813818842966255,1
-0.39440898272877584,0.27755675842295613,1
-0.3994380744292116,0.2736485865309514,1
-0.4044310055658934,0.26965764373266,1
-0.4093864874744389,0.2655842244823772,1
-0.4143032332161296,0.26142864258338216,1
-0.419179957861104,0.25719123119061454,1
-0.4240153787718859,0.25287234280928544,1
-0.42880821588718765,0.2484723492894133,1
-0.43355719200593357,0.2439916418162773,1
-0.4382610330714433,0.23943063089678404,1
-0.4429184684557196,0.23478974634173821,1
-0.4475282312437791,0.23006943724401724,1
-0.452089058517972,0.22527017195264218,1
-0.4565996916422287,0.22039243804274433,1
-0.46105887654617783,0.2154367422814236,1
-0.4654653640090747,0.21040361058949902,1
-0.469817909943485,0.20529358799914837,1
-0.4741152756786617,0.2001072386074399,1
-0.4783562282435593,0.19484514552575521,1
-0.48253954064942484,0.18950791082510626,1
-0.4866639921719098,0.18409615547734823,1
-0.490728368632641,0.17861051929229377,1
-0.49473146268019436,0.17305166085072898,1
-0.49867207407041253,0.16742025743334163,1
-0.5025490099460073,0.16171700494556332,1
-0.5063610851153884,0.15594261783833444,1
-0.5101071223306616,0.15009782902479882,1
-0.5137859525647358,0.14418338979293724,1
-0.5173964152874826,0.13820006971414914,1
-0.520937358740889,0.13214865654779015,1
-0.5244076402131466,0.12602995614168108,1
-0.5278061263116175,0.11984479232859582,1
-0.5311316932346216,0.11359400681874307,1
-0.5343832270419844,0.10727845908825392,1
-0.537559623924291,0.10089902626369202,1
-0.540659790470788,0.09445660300259662,1
-0.5436826439358744,0.08795210137007996,1
-0.5466271125041269,0.08138645071149164,1
-0.5494921355538022,0.07476059752116909,1
-0.5522766639187583,0.06807550530729171,1
-0.5549796601487406,0.06133215445285946,1
-0.5576000987679752,0.054531542072811925,1
-0.560136966532015,0.04767468186731345,1
-0.5625892626827799,0.040762603971222215,1
-0.5649559992017407,0.03379635479976689,1
-0.5672362010611864,0.026776996890453753,1
-0.5694289064735246,0.019705608741227728,1
-0.5715331671385561,0.0125832846449136,1
-0.5735480484886741,0.005411134519958965,1
-0.5754726299319316,-0.0018097162624899155,1
-0.577306005092922,-0.009078127055156154,1
-0.5790472820514242,-0.016392942114814964,1
-0.5806955835787544,-0.02375299078606313,1
-0.5822500473717762,-0.031157087688644478,1
-0.5837098262845141,-0.038604032908305164,1
-0.5850740885573197,-0.04609261219114304,1
-0.5863420180435407,-0.05362159714142332,1
-0.5875128144336383,-0.061189745422826965,1
-0.588585693476707,-0.06879580096309906,1
-0.5895598871993418,-0.07643849416206375,1
-0.5904346441218088,-0.08411654210296976,1
-0.5912092294714635,-0.0918286487671354,1
-0.5918829253933752,-0.09957350525185214,1
-0.5924550311581023,-0.10734978999151376,1
-0.5929248633665766,-0.11515616898193277,1
-0.5932917561520442,-0.12299129600780632,1
-0.5935550613790219,-0.13085381287329198,1
-0.5937141488392166,-0.13874234963565724,1
-0.5937684064443666,-0.14665552484195843,1
-0.5937172404159574,-0.15459194576871166,1
-0.5935600754717683,-0.16255020866451372,1
-0.5932963550092045,-0.1705288989955704,1
-0.5929255412853717,-0.17852659169409038,1
-0.5924471155938513,-0.18654185140950047,1
-0.591860578438131,-0.19457323276244126,1
-0.5911654497016517,-0.202619280601494,1
-0.5903612688144272,-0.210678530262598,1
-0.589447594916198,-0.21874950783111044,1
-0.5884240070160777,-0.22683073040646384,1
-0.5872901041486522,-0.2349207063693715,1
-0.586045505526495,-0.243017935651539,1
-0.5846898506890569,-0.2511209100078271,1
-0.5832227996478968,-0.2592281132908222,1
-0.5816440330282124,-0.26733802172776305,1
-0.579953252206638,-0.2754491041997758,1
-0.5781501794452715,-0.28355982252336387,1
-0.5762345580218963,-0.2916686317341066,1
-0.5742061523563649,-0.29977398037251146,1
-0.5720647481331089,-0.30787431077196925,1
-0.5698101524197439,-0.3159680593487612,1
-0.5674421937817361,-0.3240536568940631,1
-0.5649607223931001,-0.33212952886789576,1
-0.5623656101430973,-0.34019409569496417,1
-0.5596567507389015,-0.34824577306233695,1
-0.5568340598042099,-0.35628297221890554,1
-0.5538974749737616,-0.36430410027657106,1
-0.5508469559837439,-0.3723075605131036,1
-0.5476824847580529,-0.3802917526766166,1
-0.5444040654903893,-0.38825507329159986,1
-0.5410117247221545,-0.3961959159664576,1
-0.5375055114161316,-0.4041126717024882,1
-0.5338854970259216,-0.4120037292042554,1
-0.530151775561113,-0.4198674751912863,1
-0.526304463648163,-0.42770229471104343,1
-0.522343700586968,-0.43550657145310684,1
-0.5182696484031027,-0.44327868806451376,1
-0.5140824918957089,-0.45101702646619013,1
-0.5097824386810114,-0.45871996817041716,1
-0.5053697192314481,-0.4663858945992747,1
-0.5008445869103918,-0.47401318740399767,1
-0.496207318002448,-0.48160022878518743,1
-0.4914582117393159,-0.48914540181381533,1
-0.4865975903211928,-0.4966470907529615,1
-0.48162579893371144,-0.5041036813802212,1
-0.4765432057603944,-0.5115135613107226,1
-0.4713502019906147,-0.5188751203206915,1
-0.46604720182304976,-0.5261867506715018,1
-0.46063464246461866,-0.5334468474341487,1
-0.4551129841248905,-0.5406538088140841,1
-0.4494827100059587,-0.5478060364763494,1
-0.4437443262877693,-0.5549019358709429,1
-0.43789836210889677,-0.5619399165583618,1
-0.4319453695427623,-0.5689183925352522,1
-0.4258859235692867,-0.5758357825601057,1
-0.41972062204197386,-0.5826905104789385,1
-0.4134500856504214,-0.5894810055508907,1
-0.4070749578782545,-0.5962057027736809,1
-0.4005959049564832,-0.6028630432088521,1
-0.3940136158122744,-0.609451474306748,1
-0.38732880201314973,-0.615969450231152,1
-0.3805421977065994,-0.622415432183528,1
-0.3736545595551186,-0.6287878887267973,1
-0.366666666666667,-0.6350852961085882,1
-0.35957932052055486,-0.6413061385838963,1
-0.35239334488876034,-0.6474489087370877,1
-0.3451095857526801,-0.6535121078031835,1
-0.33772891121532317,-0.6594942459883628,1
-0.33025221140895095,-0.6653938427896172,1
-0.3226803983981729,-0.6712094273134961,1
-0.3150144060785049,-0.6769395385938756,1
-0.30725519007040336,-0.6825827259086907,1
-0.29940372760877654,-0.6881375490955667,1
-0.2914610174279951,-0.6936025788662813,1
-0.28342807964240635,-0.6989763971200021,1
-0.27530595562236737,-0.7042575972552289,1
-0.26709570786581033,-0.7094447844803821,1
-0.2587984198653548,-0.7145365761229718,1
-0.2504151959709828,-0.7195316019372859,1
-0.24194716124829221,-0.7244285044105341,1
-0.2333954613323462,-0.7292259390673841,1
-0.22476126227713658,-0.7339225747728302,1
-0.21604575040067964,-0.7385170940333297,1
-0.207250132125768,-0.7430081932961452,1
-0.19837563381638904,-0.7473945832468336,1
-0.18942350160984553,-0.751674989104818,1
-0.18039500124459013,-0.7558481509169801,1
-0.17129141788380103,-0.759912823849216,1
-0.16211405593472306,-0.7638677784758916,1
-0.15286423886379816,-0.7677118010671379,1
-0.14354330900761197,-0.7714436938739264,1
-0.13415262737968262,-0.7750622754108637,1
-0.12469357347311945,-0.7785663807366491,1
-0.11516754505918035,-0.7819548617321306,1
-0.10557595798175627,-0.7852265873759048,1
-0.0959202459478129,-0.7883804440174023,1
-0.08620186031382421,-0.791415335647396,1
-0.07642226986821914,-0.7943301841658806,1
-0.06658296060988786,-0.7971239296472612,1
-0.056685435522770763,-0.799795530602797,1
-0.04673121434656794,-0.8023439642402415,1
-0.03672183334360392,-0.8047682267206249,1
-0.026658845061883128,-0.8070673334121222,1
-0.01654381809437255,-0.8092403191409515,1
-0.006378336834549102,-0.8112862384392481,1
0.0038359987717503886,-0.8132041657898599,1
0.014097573478137638,-0.8149931958680119,1
0.024404756993100192,-0.8166524437797835,1
0.034755904239007866,-0.8181810452973473,1
0.04514935561465284,-0.8195781570909192,1
0.05558343726129245,-0.8208429569573645,1
0.06605646133213737,-0.8219746440454103,1
0.0765667262652529,-0.8229724390774134,1
0.0871125170598248,-0.8238355845676353,1
0.09769210555574542,-0.8245633450369719,1
0.10830375071647495,-0.8251550072240899,1
0.11894569891513122,-0.8256098802929217,1
0.12961618422376117,-0.8259272960364732,1
0.1403134287057465,-0.8261066090768919,1
0.15103564271129494,-0.8261471970617548,1
0.1617810251759685,-0.8260484608565247,1
0.17254776392219928,-0.8258098247331355,1
0.18333403596373857,-0.8254307365546553,1
0.19413800781299892,-0.8249106679559879,1
0.20495783579122334,-0.8242491145205683,1
0.21579166634143968,-0.8234455959530087,1
0.22663763634414358,-0.8224996562476529,1
0.23749387343565706,-0.8214108638529997,1
0.24835849632910817,-0.8201788118319516,1
0.2592296151379779,-0.8188031180178523,1
0.27010533170215795,-0.8172834251662705,1
0.2809837399164648,-0.8156194011024941,1
0.2918629260615524,-0.8138107388646969,1
0.30274096913716697,-0.8118571568427373,1
0.31361594119768776,-0.8097583989125587,1
0.32448590768988994,-0.8075142345661513,1
0.3353489277928833,-0.8051244590370414,1
0.34620305476015156,-0.8025888934212767,1
0.35704633626364585,-0.7999073847938716,1
0.36787681473986494,-0.7970798063206829,1
0.37869252773786455,-0.7941060573656799,1
0.38949150826913387,-0.790986063593584,1
0.40027178515927747,-0.7877197770678432,1
0.41103138340144085,-0.7843071763439141,1
0.42176832451141694,-0.7807482665578228,1
0.43248062688437106,-0.7770430795099783,1
0.4431663061531204,-0.77319167374421,1
0.4538233755479051,-0.7691941346220038,1
0.46444984625758323,-0.7650505743919145,1
0.47504372779219417,-0.7607611322541251,1
0.4856030283468137,-0.7563259744201354,1
0.49612575516664237,-0.7517452941675538,1
0.5066099149132625,-0.7470193118899728,1
0.5170535140319928,-0.7421482751419064,1
0.527454559120279,-0.7371324586787692,1
0.5378110572970504,-0.7319721644918812,1
0.5481210165729772,-0.726667721838476,1
0.5583824462215621,-0.7212194872667006,1
0.5685933571509949,-0.7156278446355837,1
0.5787517622767085,-0.7098932051299655,1
0.5888556768945586,-0.704016007270369,1
0.5989031190545722,-0.6979967169177981,1
0.6088921099351828,-0.6918358272734568,1
0.6188206742178921,-0.6855338588733727,1
0.6286868404622856,-0.6790913595779129,1
0.6384886414813338,-0.6725089045561886,1
0.648224114716911,-0.6657870962653333,1
0.6578913026154588,-0.6589265644246515,1
0.6674882530037274,-0.6519279659846269,1
0.6770130194645241,-0.644791985090788,1
0.6864636617123976,-0.6375193330424237,1
0.6958382459691912,-0.6301107482461454,1
0.7051348453393903,-0.6225669961642913,1
0.7143515401851958,-0.6148888692581767,1
0.7234864185012568,-0.6070771869261763,1
0.7325375762889844,-0.5991327954366538,1
0.7415031179303818,-0.5910565678557287,1
0.7503811565613184,-0.5828494039698856,1
0.7591698144441769,-0.5745122302034285,1
0.7678672233398028,-0.5660459995307835,1
0.7764715248786868,-0.5574516913836546,1
0.784980870931307,-0.5487303115530383,1
0.7933934239775622,-0.5398828920861024,1
0.8017073574752257,-0.530910491177938,1
0.8099208562273479,-0.5218141930581919,1
0.818032116748538,-0.5125951078725892,1
0.8260393476300516,-0.5032543715593594,1
0.8339407699036212,-0.49379314572056676,1
0.8417346174039501,-0.4842126174883746,1
0.8494191371298044,-0.4745139993862394,1
0.8569925896036346,-0.46469852918506116,1
0.8644532492296518,-0.45476746975429816,1
0.871799404650294,-0.4447221089080653,1
0.8790293591010089,-0.4345637592462328,1
0.8861414307632863,-0.4242937579905426,1
0.8931339531158697,-0.41391346681576197,1
0.9000052752840779,-0.40342427167589373,1
0.9067537623871693,-0.39282758262546524,1
0.9133777958836783,-0.38212483363591576,1
0.9198757739146551,-0.3713174824071101,1
0.9262461116447459,-0.3604070101739914,1
0.9324872416010379,-0.3493949215084124,1
0.9385976140096072,-0.33828274411615944,1
0.9445756971297002,-0.3270720286292005,1
0.9504199775854828,-0.315764348393184,1
0.9561289606952887,-0.30436129925021665,1
0.9617011707983024,-0.2928644993169498,1
0.9671351515786094,-0.2812755887580044,1
0.9724294663865516,-0.26959622955476664,1
0.9775826985573155,-0.25782810526958416,1
0.9825934517266963,-0.2459729208053979,1
0.9874603501439694,-0.23403240216084698,1
0.9921820389818031,-0.22200829618086754,1
0.9967571846431564,-0.2099023703028416,1
1.0011844750650885,-0.19771641229831596,1
1.0054626200194254,-0.18545223001033667,1
1.0095903514102202,-0.1731116510864352,1
1.0135664235679387,-0.16069652270730536,1
1.0173896135403184,-0.14820871131121197,1
1.021058721379833,-0.13565010231417174,1
1.0245725704277049,-0.12302259982594799,1
1.0279300075944058,-0.11032812636190237,1
1.0311299036365862,-0.0975686225507467,1
1.0341711534303732,-0.0847460468382385,1
1.0370526762409802,-0.07186237518687093,1
1.0397734159885719,-0.058919600771589545,1
1.0423323415103238,-0.04591973367160047,1
1.0447284468186246,-0.03286480055830457,1
1.0469607513553585,-0.019756844379411047,1
1.0490283002422223,-0.006597924039278966,1
1.0509301645270126,0.006609885924463234,1
1.0526654414258352,0.019864495667969623,1
1.0542332545611806,0.033163800371848316,1
1.0556327541958153,0.04650568057540049,1
1.0568631174624326,0.05988800251437373,1
1.0579235485890173,0.07330861846217578,1
1.058813279119868,0.08676536707449543,1
1.0595315681322304,0.10025607373726915,1
1.0600777024484913,0.1137785509179519,1
1.060450996843885,0.1273305985200165,1
1.0606507942496632,0.14091000424063813,1
1.0606764659516825,0.15451454393150058,1
1.0605274117843622,0.16814198196266578,1
1.0602030603199675,0.18179007158944763,1
1.0597028690531738,0.19545655532223022,1
1.0590263245808649,0.20913916529916865,1
1.0581729427771247,0.22283562366171214,1
1.0571422689633827,0.2365436429328871,1
1.0559338780736611,0.2502609263982765,1
1.054547374814895,0.26398516848963494,1
1.0529823938222809,0.27771405517106845,1
1.0512385998096065,0.29144526432772866,1
1.0493156877145382,0.305176466156939,1
1.047213382838817,0.31890532356169954,1
1.0449314409833292,0.3326294925464993,1
1.0424696485780205,0.346346622615371,1
1.0398278228066093,0.3600543571721197,1
1.037005811726076,0.3737503339226582,1
1.034003494380886,0.3874321852793811,1
1.0308207809119196,0.4010975387675085,1
1.0274576126600732,0.4147440174333288,1
1.0239139622645064,0.4283692402542736,1
1.0201898337555,0.44197082255075254,1
1.0162852626419017,0.4555463763996731,1
1.0122003159931232,0.46909351104958846,1
1.0079350925156736,0.4826098333373821,1
1.0034897226241926,0.496092948106432,1
0.9988643685069655,0.5095404586261773,1
0.9940592241858918,0.5229499670130116,1
0.9890745155708861,0.5363190746524361,1
0.983910500508691,0.5496453826223927,1
0.9785674688260754,0.5629264921177071,1
0.9730457423674053,0.5761600048755661,1
0.9673456750265625,0.5893435236019556,1
0.9614676527731946,0.6024746523989825,1
0.9554120936732797,0.6155509971930077,1
0.9491794479039924,0.62857016616351,1
0.9427701977628451,0.6415297701726156,1
0.936184857671107,0.6544274231952036,1
0.9294239741714736,0.6672607427495194,1
0.9224881259199803,0.6800273503282191,1
0.9153779236721511,0.6927248718297662,1
0.9080940102633664,0.7053509379901037,1
0.9006370605834458,0.7179031848145258,1
0.8930077815454364,0.7303792540096704,1
0.8852069120485977,0.7427767934155557,1
0.8772352229355808,0.7550934574375834,1
0.869093516943793,0.7673269074784314,1
0.8607826286509489,0.7794748123697508,1
0.8523034244147956,0.7915348488036065,1
0.8436568023070242,0.8035047017635621,1
0.8348436920413544,0.8153820649553448,1
0.8258650548957992,0.8271646412370076,1
0.8167218836291072,0.8388501430485112,1
0.80741520239139,0.8504362928406454,1
0.7979460666289313,0.8619208235032149,1
0.7883155629831887,0.8733014787924063,1
0.7785248091839888,0.8845760137572635,1
0.7685749539369257,0.895742195165188,1
0.7584671768049678,0.9067978019263877,1
0.748202688084283,0.9177406255171977,1
0.7377827286742965,0.928568470402189,1
0.7272085699419765,0.9392791544549965,1
0.7164815135803827,0.9498705093777762,1
0.705602891461472,0.9603403811192239,1
0.6945740654831828,0.9706866302910696,1
0.6833964274108126,0.980907132582977,1
0.6720713987127047,0.9909997791757622,1
0.6606004303902594,1.000962477152862,1
0.6489850028022917,1.0107931499099696,1
0.6372266254837496,1.0204897375627593,1
0.6253268369588189,1.0300501973526295,1
0.6132872045484314,1.0394725040503803,1
0.6011093241721999,1.048754650357753,1
0.5887948201448088,1.0578946473067516,1
0.5763453449668718,1.0668905246566789,1
0.5637625791102979,1.0757403312887976,1
0.5510482307981822,1.0844421355985527,1
0.538204035779251,1.0929940258852755,1
0.5252317570968918,1.1013941107392913,1
0.5121331848527965,1.1096405194263639,1
0.4989101359652469,1.117731402269393,1
0.48556445392207853,1.1256649310272984,1
0.47209800852835077,1.133439299271014,1
0.45851269564875924,1.1410527227565177,1
0.4448104369448258,1.1485034397948264,1
0.43099317960689965,1.1557897116188827,1
0.4170628960810112,1.16290982274726,1
0.4030215837906052,1.169862081344619,1
0.3888712648532073,1.1766448195788377,1
0.3746139857920516,1.1832563939747491,1
0.36025181724271466,1.189695185764417,1
0.34578685365479767,1.1959596012338745,1
0.3312212129886973,1.2020480720662632,1
0.3165570364075111,1.2079590556813005,1
0.30179648796412006,1.213691035571005,1
0.2869417542834951,1.2192425216316174,1
0.271995044240273,1.2246120504916465,1
0.25695858863164794,1.2297981858359734,1
0.24183463984563427,1.2347995187259502,1
0.2266254715247326,1.2396146679154265,1
0.21133337822507067,1.2442422801626392,1
0.19596067507105447,1.2486810305379006,1
0.1805096974055879,1.2529296227270235,1
0.1649828004359117,1.2569867893304183,1
0.14938235887511625,1.2608512921578001,1
0.1337107665793824,1.2645219225184474,1
0.11797043618100544,1.2679975015069456,1
0.10216379871725864,1.2712768802843617,1
0.08629330325515346,1.2743589403547846,1
0.07036141651215404,1.2772425938371776,1
0.054370622472904015,1.2799267837324837,1
0.038323422002031315,1.2824104841859207,1
0.02222233245307493,1.2846927007444187,1
0.0060698872736171415,1.2867724706091397,1
-0.010131364393333838,1.2886488628830206,1
-0.026378858111641215,1.2903209788132932,1
-0.0426700145579547,1.2917879520289233,1
-0.05900223993117894,1.2930489487729129,1
-0.07537292636543037,1.294103168129422,1
-0.09177945234641696,1.2949498422456525,1
-0.10821918313117374,1.2955882365484457,1
-0.12468947117108782,1.2960176499555458,1
-0.14118765653814414,1.2962374150814766,1
-0.15771106735432497,1.29624689843799,1
-0.17425702022408715,1.2960455006290363,1
-0.19082282066986356,1.295632656540206,1
-0.20740576357049487,1.2950078355226078,1
-0.2240031336025454,1.294170541571131,1
-0.24061220568439837,1.293120313497053,1
-0.2572302454231082,1.2918567250949453,1
-0.27385450956387325,1.2903793853038459,1
-0.2904822464421111,1.2886879383626455,1
-0.30711069643803923,1.286782063959656,1
-0.3237370924336638,1.2846614773763263,1
-0.3403586602721573,1.282325929625053,1
-0.356972619219479,1.2797752075810718,1
-0.37357618242823337,1.2770091341083676,1
-0.39016655740361805,1.2740275681795972,1
-0.4067409464714553,1.270830404989964,1
-0.42329654724815613,1.2674175760650364,1
-0.43983055311261127,1.2637890493624548,1
-0.4563401536798581,1.2599448293675226,1
-0.472822535276514,1.2558849571826236,1
-0.4892748814178287,1.2516095106104648,1
-0.5056943732863303,1.2471186042310969,1
-0.5220781902119602,1.2424123894726915,1
-0.5384235101535965,1.2374910546760618,1
-0.5547275101819353,1.2323548251528802,1
-0.5709873669635842,1.2270039632375926,1
-0.5872002572463509,1.2214387683329877,1
-0.6033633583455784,1.2156595769494196,1
-0.6194738486315091,1.2096667627376396,1
-0.6355289080175293,1.2034607365152505,1
-0.6515257184492749,1.1970419462867268,1
-0.6674614643944488,1.1904108772570257,1
-0.6833333333333322,1.1835680518387335,1
-0.6991385162498397,1.1765140296527679,1
-0.7148742081230848,1.1692494075225974,1
-0.7305376084193534,1.1617748194619752,1
-0.746125921584373,1.1540909366561865,1
-0.7616363575358492,1.1461984674367725,1
-0.7770661321561175,1.1380981572497606,1
-0.7924124677848879,1.1297907886173484,1
-0.8076725937119363,1.1212771810930804,1
-0.8228437466697147,1.1125581912104698,1
-0.8379231713257345,1.1036347124250998,1
-0.8529081207746967,1.0945076750501646,1
-0.8677958570302209,1.0851780461854852,1
-0.8825836515161485,1.0756468296399584,1
-0.8972687855572731,1.0659150658474845,1
-0.9118485508694567,1.0559838317763348,1
-0.9263202500490321,1.0458542408319784,1
-0.9406811970613763,1.035527442753391,1
-0.9549287177286245,1.025004623502802,1
-0.9690601502163703,1.0142870051489494,1
-0.9830728455193339,1.003375845743783,1
-0.996964167945843,0.9922724391926875,1
-1.0107314956011058,0.9809781151181788,1
-1.0243722208691257,0.9694942387171352,1
-1.0378837508932306,0.9578222106115251,1
-1.0512635080550743,0.9459634666926974,1
-1.0645089304520763,0.9339194779591923,1
-1.0776174723731617,0.9216917503481441,1
-1.0905866047727604,0.9092818245602489,1
-1.1034138157429527,0.896691275878327,1
-1.116096610983674,0.8839217139795263,1
-1.1286325142709175,0.870974782741133,1
-1.1410190679228107,0.8578521600400713,1
-1.153253833263526,0.8445555575460547,1
-1.1653343910848903,0.8310867205084734,1
-1.1772583421056595,0.817447427536977,1
-1.1890233074283234,0.8036394903758484,1
-1.2006269289934044,0.7896647536721224,1
-1.21206687003112,0.7755250947375487,1
-1.2233408155103633,0.7612224233043721,1
-1.2344464725849007,0.7467586812749806,1
-1.245381571036691,0.7321358424654777,1
-1.2561438637162783,0.7173559123431548,1
-1.2667311269801333,0.7024209277579645,1
-1.2771411611249017,0.6873329566679617,1
-1.2873717908184414,0.6720940978588181,1
-1.2974208655276014,0.6567064806573737,1
-1.3072862599426258,0.6411722646393386,1
-1.3169658743981416,0.6254936393311106,1
-1.3264576352906086,0.6096728239058194,1
-1.3357594954921945,0.5937120668735709,1
-1.3448694347609549,0.5776136457659985,1
-1.3537854601472719,0.5613798668151143,1
-1.3625056063964616,0.5450130646265217,1
-1.3710279363474602,0.5285156018470627,1
-1.3793505413275395,0.5118898688268858,1
-1.3874715415429446,0.49513828327605736,1
-1.3953890864654073,0.47826328991568545,1
-1.4031013552144311,0.46126736012368846,1
-1.4106065569353032,0.44415299157517624,1
-1.4179029311727287,0.42692270787757763,1
-1.424988748240041,0.4095790582004866,1
-1.4318623095838958,0.3921246169003617,1
-1.4385219481443898,0.37456198314005223,1
-1.4449660287105215,0.3568937805032871,1
-1.4511929482709334,0.3391226566041171,1
-1.4572011363598614,0.3212512826913979,1
-1.4629890553982172,0.30328235324839414,1
-1.4685552010297456,0.28521858558750307,1
-1.4738981024521765,0.26706271944023746,1
-1.4790163227433188,0.2488175165424465,1
-1.4839084591820135,0.23048576021492082,1
-1.4885731435638951,0.21207025493936169,1
-1.4930090425118874,0.19357382592986278,1
-1.4972148577813733,0.17499931869988533,1
-1.5011893265599725,0.156349598624878,1
-1.5049312217618724,0.13762755050052364,1
-1.5084393523166375,0.11883607809676316,1
-1.5117125634524502,0.0999781037075994,1
-1.5147497369737164,0.08105656769677644,1
-1.5175497915329728,0.062074428039433006,1
-1.5201116828970511,0.04303465985973339,1
-1.5224344042074267,0.023940254964631813,1
-1.5245169862347046,0.004794221373757105,1
-1.526358497627189,-0.01440041715442205,1
-1.5279580451534713,-0.033640621600163324,1
-1.5293147739389972,-0.05292333816358615,1
-1.530427867696549,-0.07224549874938714,1
-1.5312965489505974,-0.09160402145497136,1
-1.5319200792554701,-0.11099581106200919,1
-1.5322977594072908,-0.13041775953125576,1
-1.532428929649633,-0.14986674650062198,1
-1.5323129698728493,-0.16933963978639016,1
-1.5319492998070254,-0.18883329588746653,1
-1.5313373792085114,-0.20834456049265732,1
-1.5304767080399924,-0.22787026899080284,1
-1.5293668266440439,-0.2474072469837731,1
-1.5280073159101466,-0.2669523108021561,1
-1.5263977974350982,-0.2865022680236409,1
-1.5245379336768023,-0.30605391799392495,1
-1.5224274281013772,-0.32560405235014733,1
-1.5200660253235647,-0.34514945554667575,1
-1.5174535112403809,-0.3646869053832477,1
-1.5145897131579955,-0.3842131735352952,1
-1.5114744999117886,-0.40372502608643474,1
-1.5081077819795512,-0.4232192240630047,1
-1.5044895115878163,-0.44269252397054,1
-1.5006196828112575,-0.4621416783321569,1
-1.496498331665159,-0.4815634362286799,1
-1.492125536190898,-0.5009545438405055,1
-1.4875014165344358,-0.5203117449910261,1
-1.482626135017767,-0.5396317816916095,1
-1.4774998962033312,-0.5589113946879605,1
-1.472122946951326,-0.5781473240078526,1
-1.4664955764699363,-0.597336309510059,1
-1.4606181163584224,-0.6164750914344724,1
-1.4544909406430775,-0.6355604109532395,1
-1.448114465806011,-0.6545890107228839,1
-1.4414891508067462,-0.6735576354372983,1
-1.4346154970966305,-0.6924630323814848,1
-1.4274940486260108,-0.7113019519860169,1
-1.4201253918441956,-0.730071148382047,1
-1.4125101556921529,-0.7487673799568481,1
-1.4046490115879708,-0.7673874099097142,1
-1.396542673405029,-0.7859280068082047,1
-1.3881918974429108,-0.8043859451445569,1
-1.3795974823910093,-0.8227580058922535,1
-1.370760269284858,-0.8410409770625682,1
-1.361681141455139,-0.8592316542610733,1
-1.3523610244694086,-0.8773268412439383,1
-1.342800886066496,-0.8953233504739844,1
-1.3330017360835922,-0.9132180036763728,1
-1.3229646263760388,-0.9310076323938112,1
-1.3126906507297826,-0.9486890785412365,1
-1.3021809447665453,-0.9662591949598087,1
-1.2914366858416522,-0.9837148459701918,1
-1.2804590929345894,-1.0010529079249524,1
-1.2692494265322305,-1.0182702697600547,1
-1.257808988504797,-1.0353638335452782,1
-1.2461391219745066,-1.0523305150335391,1
-1.2342412111769716,-1.0691672442089462,1
-1.2221166813153035,-1.085870965833561,1
-1.2097669984069879,-1.1024386399927069,1
-1.1971936691235006,-1.1188672426387778,1
-1.1843982406226932,-1.1351537661334332,1
-1.171382300373989,-1.1512952197880602,1
-1.1581474759763464,-1.1672886304024597,1
-1.1446954349690837,-1.183131042801598,1
-1.1310278846355062,-1.1988195203703942,1
-1.1171465717994296,-1.2143511455863805,1
-1.1030532826145523,-1.229723020550207,1
-1.0887498423467676,-1.2449322675138328,1
-1.074238115149371,-1.2599760294063698,1
-1.0595200038312569,-1.2748514703574239,1
-1.044597449618063,-1.2895557762179028,1
-1.0294724319063575,-1.304086155078132,1
-1.0141469680108428,-1.3184398377832394,1
-0.9986231129046288,-1.332614078445693,1
-0.9829029589526295,-1.3466061549548787,1
-0.9669886356380608,-1.3604133694836766,1
-0.950882309282142,-1.374033048991883,1
-0.9345861827569646,-1.387462545726444,1
-0.918102495191638,-1.400699237718357,1
-0.9014335216716766,-1.413740529276198,1
-0.8845815729317413,-1.4265838514761364,1
-0.8675489950417009,-1.4392266626483965,1
-0.8503381690861299,-1.4516664488600228,1
-0.8329515108372102,-1.4639007243939162,1
-0.8153914704211546,-1.4759270322239997,1
-0.7976605319781359,-1.487742944486464,1
-0.7797612133157937,-1.4993460629469928,1
-0.76169606555639,-1.5107340194638634,1
-0.7434676727775995,-1.5219044764468737,1
-0.725078651647065,-1.532855127311966,1
-0.7065316510506833,-1.5435836969315044,1
-0.6878293517147602,-1.5540879420800813,1
-0.668974465822002,-1.5643656518758073,1
-0.6499697366214826,-1.5744146482169639,1
-0.6308179380325569,-1.5842327862139702,1
-0.6115218742428614,-1.5938179546165536,1
-0.5920843793003898,-1.6031680762360594,1
-0.572508316699731,-1.61228110836282,1
-0.5527965789625585,-1.6211550431784838,1
-0.5329520872123593,-1.629787908163254,1
-0.512977790743555,-1.6381777664979285,1
-0.4928766665849859,-1.6463227174606916,1
-0.47265171905791326,-1.6542208968185523,1
-0.45230597932851496,-1.661870477213381,1
-0.43184250495503124,-1.6692696685424413,1
-0.41126437942953686,-1.6764167183333698,1
-0.3905747117145009,-1.6833099121135031,1
-0.3697766357741088,-1.6899475737735046,1
-0.34887331010051,-1.6963280659251947,1
-0.32786791723498815,-1.7024497902535347,1
-0.3067636632841554,-1.7083111878626804,1
-0.28556377743127487,-1.713910739616037,1
-0.2642715114427102,-1.7192469664702559,1
-0.24289013916967142,-1.7243184298030916,1
-0.2214229560452358,-1.729123731735069,1
-0.1998732785768192,-1.7336615154448756,1
-0.178244443834077,-1.7379304654784342,1
-0.15653980893241323,-1.7419293080515743,1
-0.13476275051207795,-1.7456568113462532,1
-0.11291666421303347,-1.7491117858002538,1
-0.09100496414557148,-1.7522930843903108,1
-0.06903108235685987,-1.7551996029085888,1
-0.04699846829342503,-1.7578302802324717,1
-0.02491058825968473,-1.7601840985875923,1
-0.0027709248726478257,-1.7622600838040499,1
0.01941702348721138,-1.7640573055657633,1
0.0416497432287208,-1.7655748776528997,1
0.06392370610643291,-1.766811958177328,1
0.08623536978051353,-1.7677677498110458,1
0.10858117838010846,-1.7684415000075264,1
0.1309575630699979,-1.7688325012159383,1
0.1533609426205492,-1.768940091088184,1
0.17578772398077563,-1.7687636526787165,1
0.19823430285451102,-1.7683026146370793,1
0.22069706427950972,-1.767556451393134,1
0.24317238320945753,-1.766524683334921,1
0.26565662509876914,-1.765206876979114,1
0.28814614649004533,-1.7636026451340356,1
0.3106372956041743,-1.7617116470551724,1
0.33312641293288403,-1.7595335885931747,1
0.35560983183375033,-1.7570682223342806,1
0.37808387912746255,-1.7543153477331457,1
0.4005448756973513,-1.7512748112380248,1
0.4229891370909794,-1.7479465064082922,1
0.44541297412379827,-1.7443303740242397,1
0.46781269348467075,-1.7404264021891545,1
0.4901845983432608,-1.7362346264236088,1
0.5125249889590944,-1.731755129751965,1
0.5348301632922687,-1.7269880427810476,1
0.5570964176156777,-1.7219335437709546,1
0.5793200471286228,-1.7165918586980047,1
0.6014973465717833,-1.710963261309761,1
0.6236246108433506,-1.705048073172146,1
0.6456981356163212,-1.6988466637085884,1
0.6677142179567483,-1.6923594502312207,1
0.6896691569429468,-1.6855868979640656,1
0.7115592542854512,-1.6785295200582393,1
0.7333808149477195,-1.6711878775991083,1
0.7551301477673822,-1.663562579605431,1
0.7768035660780312,-1.6556542830204255,1
0.7983973883313472,-1.6474636926947919,1
0.8199079387195387,-1.6389915613616475,1
0.8413315477979578,-1.6302386896033765,1
0.8626645531077565,-1.621205925810399,1
0.8839032997985532,-1.611894166131819,1
0.9050441412509147,-1.60230435441799,1
0.926083439698637,-1.5924374821549452,1
0.9470175668506318,-1.58229458839074,1
0.9678429045124018,-1.571876759653654,1
0.988555845206908,-1.561185129862304,1
1.009152792794815,-1.5502208802276167,1
1.0296301630939169,-1.538985239146719,1
1.0499843844977286,-1.5274794820886899,1
1.0702118985930484,-1.5157049314722422,1
1.0903091607764583,-1.5036629565352875,1
1.1102726408696237,-1.4913549731964153,1
1.1300988237332645,-1.4787824439083166,1
1.149784209879755,-1.4659468775031075,1
1.1693253160841666,-1.4528498290296339,1
1.1887186759937305,-1.4394928995827052,1
1.2079608407355318,-1.4258777361243309,1
1.2270483795224134,-1.4120060312969192,1
1.2459778802568984,-1.397879523228518,1
1.2647459501331129,-1.3834999953300495,1
1.2833492162365172,-1.3688692760846295,1
1.3017843261414273,-1.353989238828922,1
1.3200479485061374,-1.3388618015266225,1
1.338136773665609,-1.323488926534038,1
1.35604751422159,-1.3078726203578126,1
1.373776905630042,-1.29201493340485,1
1.3913217067858277,-1.275917959724402,1
1.408678700604486,-1.2595838367424268,1
1.4258446946010608,-1.243014744988175,1
1.4428165214658137,-1.2262129078131103,1
1.4595910396367857,-1.209180591102121,1
1.476165133869037,-1.1919201029771407,1
1.492535715800535,-1.1744337934931304,1
1.5086997245145157,-1.156724054326547,1
1.5246541270982907,-1.1387933184562493,1
1.5403959191983334,-1.12064405983697,1
1.555922125571593,-1.1022787930653237,1
1.5712298006329217,-1.0837000730384283,1
1.5863160289984937,-1.0649104946052044,1
1.6011779260251653,-1.045912692210336,1
1.615812638345624,-1.0267093395310278,1
1.6302173443992822,-1.0073031491065085,1
1.644389254958768,-0.9876968719604328,1
1.658325613651969,-0.9678932972161368,1
1.6720236974794787,-0.9478952517048891,1
1.6854808173274078,-0.9277055995671049,1
1.6986943184754129,-0.9073272418466654,1
1.7116615810998874,-0.8867631160783257,1
1.7243800207722135,-0.8660161958683001,1
1.7368470889519574,-0.8450894904681133,1
1.7490602734749623,-0.8239860443417016,1
1.7610170990362002,-0.8027089367259227,1
1.772715127667336,-0.7812612811844348,1
1.784151959208876,-0.7596462251551119,1
1.7953252317768484,-0.7378669494909591,1
1.806232622223893,-0.7159266679946933,1
1.8168718465947082,-0.6938286269469598,1
1.8272406605757359,-0.6715761046283517,1
1.837336859939031,-0.6491724108352009,1
1.8471582809802,-0.6266208863893125,1
1.8567028009503541,-0.603924902641633,1
1.8659683384819754,-0.5810878609699583,1
1.8749528540086153,-0.5581131922707891,1
1.8836543501783631,-0.5350043564453276,1
1.8920708722609723,-0.5117648418797929,1
1.9002005085486053,-0.48839816492002924,1
1.9080413907500795,-0.46490786934059053,1
1.9155916943785702,-0.44129752580827525,1
1.9228496391326717,-0.4175707313402998,1
1.9298134892707577,-0.39373110875708484,1
1.9364815539785505,-0.36978230612984514,1
1.94285218772985,-0.3457279962229599,1
1.9489237906403194,-0.32157187593131287,1
1.9546948088142861,-0.29731766571260315,1
1.9601637346844751,-0.27296910901474936,1
1.9653291073445966,-0.24852997169850743,1
1.9701895128747442,-0.22400404145530717,1
1.9747435846595134,-0.19939512722050245,1
1.9789900036987917,-0.17470705858201704,1
1.9829274989111476,-0.14994368518458726,1
1.9865548474297572,-0.12510887612958396,1
1.9898708748908072,-0.10020651937061863,1
1.9928744557143176,-0.07524052110491547,1
1.995564513377315,-0.05021480516065822,1
1.9979400206793074,-0.02513331238029393,1
2.0,-9.797174393178826e-16,1
-0.1,1.2246467991473533e-17,2
-0.10189384004065603,-0.001281785081064885,2
-0.10377095579040597,-0.0026112101570352837,2
-0.10563044848839631,-0.003988053520392892,2
-0.10747142235267373,-0.005412078392454324,2
-0.10929298481710609,-0.006883032963830151,2
-0.11109424676774933,-0.008400650438459747,2
-0.112874322778608,-0.009964649081213328,2
-0.11463233134673693,-0.011574732269053556,2
-0.11636739512663188,-0.013230588545747232,2
-0.1180786411638568,-0.014931891680117326,2
-0.11976520112785627,-0.016678300727824377,2
-0.12142621154390087,-0.018469460096666692,2
-0.12306081402411383,-0.020304999615386125,2
-0.12466815549752769,-0.022184534605967365,2
-0.1262473884391196,-0.024107665959416866,2
-0.12779767109777382,-0.026073980215007,2
-0.12931816772312119,-0.028083049642970512,2
-0.13080804879120397,-0.030134432330629114,2
-0.13226649122891634,-0.03222767227194037,2
-0.1336926786371698,-0.03436229946044478,2
-0.13508580151273383,-0.036537829985595495,2
-0.1364450574687016,-0.03875376613245208,2
-0.13776965145353184,-0.04100959648471827,2
-0.1390587959686168,-0.04330479603110467,2
-0.1403117112843283,-0.045638826274994264,2
-0.14152762565449242,-0.04801113534739002,2
-0.14270577552924518,-0.050421158123122194,2
-0.1438454057662204,-0.05286831634029206,2
-0.1449457698400226,-0.05535201872292879,2
-0.14600613004993765,-0.05787166110683504,2
-0.14702575772583346,-0.06042662656859574,2
-0.14800393343220453,-0.06301628555772557,2
-0.14893994717031414,-0.06563999603192724,2
-0.14983309857838792,-0.06829710359543484,2
-0.15068269712981303,-0.07098694164041365,2
-0.15148806232929862,-0.07370883149138839,2
-0.1522485239069517,-0.07646208255267133,2
-0.15296342201022475,-0.07924599245875968,2
-0.1536321073936909,-0.08205984722767276,2
-0.15425394160660316,-0.08490292141719734,2
-0.15482829717819474,-0.0877744782840105,2
-0.15535455780067725,-0.09067376994564662,2
-0.15583211850989542,-0.09360003754527685,2
-0.15626038586359614,-0.0965525114192666,2
-0.1566387781172701,-0.09953041126747816,2
-0.15696672539752626,-0.10253294632628265,2
-0.1572436698729582,-0.10555931554424688,2
-0.1574690659224625,-0.10860870776045914,2
-0.15764238030097,-0.11168030188545701,2
-0.15776309230255142,-0.11477326708472162,2
-0.15783069392085844,-0.11788676296469906,2
-0.1578446900068633,-0.1210199397613122,2
-0.157804598423859,-0.12417193853092368,2
-0.15770995019968373,-0.1273418913437112,2
-0.15756028967613378,-0.13052892147941542,2
-0.1573551746555286,-0.1337321436254198,2
-0.15709417654439392,-0.13695066407712214,2
-0.1567768804942277,-0.14018358094055688,2
-0.15640288553931586,-0.14342998433722515,2
-0.1559718047315639,-0.14668895661109183,2
-0.15548326527231246,-0.14995957253770562,2
-0.1549369086411039,-0.15324089953540027,2
-0.15433239072136928,-0.1565319978785317,2
-0.153669381923005,-0.15983192091270826,2
-0.15294756730180778,-0.1631397152719688,2
-0.15216664667574,-0.1664544210978638,2
-0.15132633473799542,-0.16977507226039376,2
-0.15042636116683722,-0.17310069658075972,2
-0.14946647073218097,-0.1764303160558786,2
-0.14844642339889547,-0.17976294708461765,2
-0.14736599442679574,-0.1830976006956993,2
-0.14622497446729973,-0.1864332827772326,2
-0.14502316965672965,-0.18976899430781688,2
-0.14376040170622628,-0.19310373158917718,2
-0.14243650798825871,-0.19643648648027662,2
-0.14105134161970326,-0.1997662466328596,2
-0.13960477154147072,-0.20309199572837666,2
-0.1380966825946598,-0.2064127137162398,2
-0.13652697559321628,-0.20972737705335995,2
-0.1348955673930775,-0.21303495894491536,2
-0.13320239095778327,-0.21633442958630061,2
-0.13144739542053388,-0.21962475640620546,2
-0.12963054614267736,-0.22290490431077203,2
-0.12775182476861038,-0.22617383592877927,2
-0.12581122927707164,-0.22943051185780414,2
-0.12380877402881987,-0.2326738909113037,2
-0.12174448981067205,-0.2359029303665713,2
-0.11961842387589547,-0.23911658621351084,2
-0.11743063998093536,-0.24231381340417676,2
-0.11518121841846708,-0.24549356610302847,2
-0.11287025604676071,-0.2486547979378451,2
-0.11049786631534622,-0.25179646225124763,2
-0.10806417928696917,-0.25491751235277466,2
-0.10556934165582686,-0.2580169017714587,2
-0.10301351676207611,-0.2610935845088494,2
-0.10039688460260397,-0.2641465152924292,2
-0.09771964183805558,-0.2671746498293673,2
-0.09498200179610747,-0.27017694506055995,2
-0.09218419447098963,-0.2731523594148987,2
-0.08932646651923967,-0.27609985306371665,2
-0.08640908125169412,-0.2790183881753554,2
-0.0834323186217084,-0.28190692916979937,2
-0.08039647520960365,-0.28476444297332215,2
-0.0773018642033386,-0.2875898992730911,2
-0.07414881537540505,-0.2903822707716748,2
-0.07093767505594643,-0.29314053344139934,2
-0.06766880610209935,-0.29586366677849724,2
-0.06434258786355986,-0.298550654056996,2
-0.06095941614437527,-0.3012004825822905,2
-0.057519703160966565,-0.30381214394434397,2
-0.054023877496378325,-0.3063846342704647,2
-0.0504723840507719,-0.3089169544776007,2
-0.046865683988152926,-0.311408110524101,2
-0.04320425467935004,-0.31385711366088603,2
-0.03948858964124542,-0.3162629806819746,2
-0.03571919847226638,-0.31862473417431164,2
-0.031896606784145555,-0.3209414027668425,2
-0.028021356129958763,-0.32321202137878025,2
-0.024094003928450076,-0.32543563146701043,2
-0.02011512338465419,-0.32761128127258077,2
-0.01608530340682923,-0.3297380260662196,2
-0.01200514851970567,-0.3318149283928319,2
-0.007875278774076214,-0.33384105831491656,2
-0.0036963296527234343,-0.33581549365485336,2
0.0005310480272822972,-0.3377373202360048,2
0.0048061882159164465,-0.33960563212258044,2
0.009128409735137314,-0.34141953185821106,2
0.013497016387416374,-0.34317813070317804,2
0.017911297067842575,-0.3448805488702477,2
0.022370525879782898,-0.3465259157590566,2
0.026873962254080314,-0.34811337018899613,2
0.03142085107176961,-0.3496420606305445,2
0.036010422790291166,-0.35111114543499455,2
0.04064189357317937,-0.3525197930625264,2
0.04531446542321083,-0.3538671823085723,2
0.05002732631897665,-0.35515250252842484,2
0.05477965035487358,-0.3563749538600369,2
0.059570597884470396,-0.35753374744496325,2
0.06439931566724273,-0.3586281056473936,2
0.0692649370186381,-0.3596572622712289,2
0.07416658196345134,-0.36062046277514975,2
0.07910335739248182,-0.3615169644856295,2
0.08407435722244515,-0.3623460368078423,2
0.08907866255911104,-0.36310696143441995,2
0.09411534186363844,-0.3637990325520075,2
0.09918345112207852,-0.3644215570455706,2
0.10428203401801316,-0.36497385470041044,2
0.10941012210830481,-0.36545525840183457,2
0.11456673500191301,-0.3658651143324433,2
0.11975088054176104,-0.36620278216697993,2
0.12496155498960707,-0.3664676352647056,2
0.13019774321389252,-0.366659060859249,2
0.13545841888053145,-0.3667764602458883,2
0.1407425446466065,-0.36681924896622337,2
0.14604907235693543,-0.36678685699019087,2
0.15137694324347206,-0.3666787288953828,2
0.15672508812750502,-0.36649432404362353,2
0.16209242762461662,-0.3662331167547656,2
0.16747787235236414,-0.36589459647766087,2
0.1728803231406423,-0.3654782679582667,2
0.17829867124469564,-0.36498365140484695,2
0.18373179856072575,-0.36441028265022946,2
0.18917857784407316,-0.3637577133110753,2
0.19463787292991103,-0.36302551094412977,2
0.20010853895642913,-0.3622132591994073,2
0.2055894225904508,-0.3613205579702805,2
0.21107936225544832,-0.36034702354043097,2
0.2165771883619108,-0.359292288727629,2
0.22208172354002123,-0.35815600302430334,2
0.227591782874598,-0.3569378327348683,2
0.23310617414225474,-0.3556374611097716,2
0.2386236980507398,-0.354254588476229,2
0.2441431484803958,-0.3527889323656156,2
0.24966331272771067,-0.35124022763747337,2
0.25518297175089494,-0.3496082266001144,2
0.26070090041745597,-0.3478926991277739,2
0.2662158677537033,-0.34609343277429727,2
0.27172663719615303,-0.34421023288331715,2
0.2772319668447716,-0.3422429226949019,2
0.28273060971801395,-0.3401913434486394,2
0.28822131400960643,-0.33805535448313134,2
0.29370282334702397,-0.3358348333318705,2
0.29917387705161075,-0.33352967581547166,2
0.30463321040029256,-0.3311397961302349,2
0.3100795548888352,-0.32866512693300715,2
0.31551163849658537,-0.326105619422331,2
0.32092818595265876,-0.3234612434158397,2
0.32632791900350383,-0.320731987423893,2
0.33170955668180846,-0.31791785871941314,2
0.3370718155766772,-0.31501888340391776,2
0.3424134101050417,-0.3120351064697114,2
0.34773305278424,-0.30896659185822717,2
0.35302945450571555,-0.305813422514495,2
0.35830132480978005,-0.3025757004377158,2
0.3635473721613858,-0.29925354672792637,2
0.3687663042268529,-0.29584710162873656,2
0.37395682815149417,-0.29235652456612293,2
0.37911765083808746,-0.2887819941832585,2
0.38424747922612973,-0.2851237083713748,2
0.3893450205718309,-0.28138188429662536,2
0.39440898272877567,-0.2775567584229564,2
0.39943807442921153,-0.2736485865309515,2
0.40443100556589334,-0.26965764373266005,2
0.4093864874744389,-0.26558422448237723,2
0.41430323321612955,-0.2614286425833822,2
0.419179957861104,-0.2571912311906146,2
0.42401537877188583,-0.2528723428092855,2
0.4288082158871876,-0.24847234928941336,2
0.4335571920059336,-0.24399164181627717,2
0.4382610330714432,-0.2394306308967843,2
0.44291846845571964,-0.23478974634173808,2
0.447528231243779,-0.2300694372440175,2
0.4520890585179721,-0.225270171952642,2
0.4565996916422286,-0.2203924380427446,2
0.4610588765461778,-0.21543674228142365,2
0.4654653640090747,-0.2104036105894991,2
0.469817909943485,-0.20529358799914843,2
0.47411527567866163,-0.20010723860743995,2
0.4783562282435592,-0.19484514552575527,2
0.48253954064942484,-0.18950791082510632,2
0.4866639921719097,-0.18409615547734848,2
0.4907283686326411,-0.1786105192922936,2
0.49473146268019424,-0.17305166085072923,2
0.4986720740704126,-0.16742025743334146,2
0.5025490099460072,-0.1617170049455636,2
0.5063610851153885,-0.15594261783833424,2
0.5101071223306615,-0.15009782902479912,2
0.5137859525647358,-0.14418338979293732,2
0.5173964152874826,-0.1382000697141492,2
0.520937358740889,-0.1321486565477902,2
0.5244076402131466,-0.12602995614168114,2
0.5278061263116175,-0.11984479232859589,2
0.5311316932346216,-0.11359400681874313,2
0.5343832270419843,-0.10727845908825422,2
0.537559623924291,-0.10089902626369182,2
0.5406597904707879,-0.09445660300259692,2
0.5436826439358744,-0.08795210137007978,2
0.5466271125041269,-0.08138645071149195,2
0.5494921355538023,-0.0747605975211689,2
0.5522766639187583,-0.06807550530729178,2
0.5549796601487406,-0.06133215445285953,2
0.5576000987679751,-0.054531542072811995,2
0.5601369665320148,-0.04767468186731352,2
0.5625892626827799,-0.04076260397122228,2
0.5649559992017407,-0.03379635479976696,2
0.5672362010611864,-0.026776996890453823,2
0.5694289064735246,-0.01970560874122805,2
0.5715331671385561,-0.012583284644913416,2
0.5735480484886741,-0.0054111345199592915,2
0.5754726299319316,0.0018097162624901005,2
0.5773060050929221,0.009078127055155828,2
0.5790472820514242,0.01639294211481515,2
0.5806955835787544,0.02375299078606306,2
0.5822500473717762,0.031157087688644405,2
0.5837098262845141,0.038604032908305094,2
0.5850740885573197,0.04609261219114296,2
0.5863420180435407,0.05362159714142324,2
0.5875128144336383,0.06118974542282689,2
0.588585693476707,0.068795800963099,2
0.5895598871993418,0.07643849416206341,2
0.5904346441218087,0.08411654210296994,2
0.5912092294714636,0.09182864876713508,2
0.5918829253933752,0.09957350525185232,2
0.5924550311581024,0.10734978999151341,2
0.5929248633665765,0.11515616898193295,2
0.5932917561520442,0.12299129600780627,2
0.5935550613790219,0.13085381287329192,2
0.5937141488392166,0.13874234963565718,2
0.5937684064443667,0.14665552484195835,2
0.5937172404159574,0.15459194576871158,2
0.5935600754717683,0.16255020866451367,2
0.5932963550092045,0.17052889899557033,2
0.5929255412853718,0.17852659169409005,2
0.5924471155938512,0.1865418514095007,2
0.5918605784381311,0.1945732327624409,2
0.5911654497016516,0.20261928060149423,2
0.5903612688144272,0.21067853026259767,2
0.5894475949161979,0.21874950783111066,2
0.5884240070160777,0.22683073040646376,2
0.5872901041486522,0.23492070636937143,2
0.586045505526495,0.24301793565153892,2
0.5846898506890569,0.25112091000782705,2
0.5832227996478968,0.25922811329082207,2
0.5816440330282124,0.26733802172776294,2
0.5799532522066378,0.27544910419977603,2
0.5781501794452716,0.2835598225233635,2
0.5762345580218962,0.2916686317341068,2
0.5742061523563651,0.29977398037251113,2
0.5720647481331088,0.3078743107719694,2
0.5698101524197441,0.31596805934876093,2
0.567442193781736,0.32405365689406335,2
0.5649607223931002,0.3321295288678957,2
0.5623656101430973,0.3401940956949641,2
0.5596567507389015,0.34824577306233695,2
0.55683405980421,0.3562829722189054,2
0.5538974749737617,0.36430410027657106,2
0.5508469559837439,0.37230756051310354,2
0.5476824847580529,0.3802917526766168,2
0.5444040654903896,0.3882550732915996,2
0.5410117247221543,0.3961959159664577,2
0.5375055114161318,0.40411267170248794,2
0.5338854970259215,0.4120037292042556,2
0.5301517755611133,0.419867475191286,2
0.5263044636481631,0.4277022947110433,2
0.522343700586968,0.43550657145310673,2
0.5182696484031029,0.4432786880645137,2
0.5140824918957089,0.45101702646619,2
0.5097824386810114,0.45871996817041705,2
0.5053697192314482,0.46638589459927465,2
0.5008445869103919,0.4740131874039976,2
0.49620731800244783,0.4816002287851876,2
0.49145821173931614,0.48914540181381505,2
0.48659759032119265,0.4966470907529616,2
0.4816257989337117,0.504103681380221,2
0.4765432057603942,0.5115135613107228,2
0.471350201990615,0.5188751203206912,2
0.4660472018230498,0.5261867506715017,2
0.46063464246461877,0.5334468474341486,2
0.45511298412489054,0.5406538088140841,2
0.44948271000595874,0.5478060364763493,2
0.44374432628776933,0.5549019358709428,2
0.4378983621088968,0.5619399165583618,2
0.4319453695427624,0.5689183925352522,2
0.42588592356928673,0.5758357825601057,2
0.4197206220419739,0.5826905104789384,2
0.4134500856504215,0.5894810055508906,2
0.4070749578782546,0.5962057027736809,2
0.40059590495648323,0.602863043208852,2
0.3940136158122745,0.6094514743067478,2
0.3873288020131498,0.615969450231152,2
0.38054219770659947,0.6224154321835279,2
0.37365455955511867,0.6287878887267971,2
0.366666666666667,0.6350852961085881,2
0.35957932052055497,0.6413061385838963,2
0.3523933448887604,0.6474489087370876,2
0.34510958575268014,0.6535121078031835,2
0.3377289112153232,0.6594942459883628,2
0.330252211408951,0.6653938427896172,2
0.32268039839817303,0.6712094273134961,2
0.315014406078505,0.6769395385938756,2
0.30725519007040347,0.6825827259086907,2
0.29940372760877665,0.6881375490955667,2
0.2914610174279952,0.6936025788662813,2
0.28342807964240646,0.698976397120002,2
0.2753059556223675,0.7042575972552289,2
0.26709570786581044,0.7094447844803821,2
0.25879841986535485,0.7145365761229717,2
0.2504151959709829,0.7195316019372858,2
0.2419471612482923,0.7244285044105341,2
0.2333954613323463,0.7292259390673841,2
0.22476126227713666,0.7339225747728302,2
0.21604575040067972,0.7385170940333297,2
0.2072501321257681,0.7430081932961452,2
0.19837563381638912,0.7473945832468336,2
0.1894235016098456,0.751674989104818,2
0.1803950012445902,0.7558481509169801,2
0.17129141788380112,0.7599128238492159,2
0.16211405593472314,0.7638677784758916,2
0.15286423886379824,0.7677118010671379,2
0.14354330900761206,0.7714436938739264,2
0.1341526273796827,0.7750622754108637,2
0.12469357347311955,0.7785663807366491,2
0.11516754505918046,0.7819548617321306,2
0.10557595798175637,0.7852265873759048,2
0.095920245947813,0.7883804440174023,2
0.0862018603138243,0.791415335647396,2
0.07642226986821923,0.7943301841658806,2
0.06658296060988797,0.7971239296472612,2
0.05668543552277086,0.799795530602797,2
0.04673121434656804,0.8023439642402415,2
0.03672183334360402,0.8047682267206249,2
0.026658845061883228,0.8070673334121222,2
0.016543818094372647,0.8092403191409515,2
0.0063783368345492015,0.8112862384392481,2
-0.0038359987717502893,0.8132041657898599,2
-0.014097573478137537,0.8149931958680119,2
-0.02440475699310009,0.8166524437797835,2
-0.03475590423900776,0.8181810452973473,2
-0.04514935561465274,0.8195781570909193,2
-0.05558343726129235,0.8208429569573645,2
-0.06605646133213726,0.8219746440454103,2
-0.07656672626525281,0.8229724390774134,2
-0.08711251705982469,0.8238355845676353,2
-0.09769210555574531,0.824563345036972,2
-0.10830375071647486,0.8251550072240899,2
-0.11894569891513114,0.8256098802929217,2
-0.1296161842237618,0.8259272960364731,2
-0.14031342870574642,0.826106609076892,2
-0.15103564271129413,0.8261471970617549,2
-0.1617810251759684,0.8260484608565247,2
-0.17254776392219917,0.8258098247331356,2
-0.18333403596373918,0.8254307365546553,2
-0.19413800781299884,0.8249106679559879,2
-0.2049578357912225,0.8242491145205685,2
-0.2157916663414396,0.8234455959530087,2
-0.22663763634414424,0.8224996562476528,2
-0.23749387343565698,0.8214108638529997,2
-0.24835849632910736,0.8201788118319518,2
-0.25922961513797776,0.8188031180178523,2
-0.27010533170215856,0.8172834251662702,2
-0.2809837399164647,0.8156194011024941,2
-0.29186292606155156,0.8138107388646972,2
-0.30274096913716686,0.8118571568427374,2
-0.31361594119768765,0.8097583989125587,2
-0.3244859076898906,0.8075142345661511,2
-0.33534892779288317,0.8051244590370414,2
-0.3462030547601508,0.8025888934212769,2
-0.35704633626364574,0.7999073847938716,2
-0.36787681473986555,0.7970798063206825,2
-0.37869252773786444,0.7941060573656799,2
-0.3894915082691331,0.7909860635935844,2
-0.40027178515927736,0.7877197770678432,2
-0.41103138340144146,0.7843071763439138,2
-0.4217683245114168,0.7807482665578228,2
-0.4324806268843703,0.7770430795099788,2
-0.4431663061531203,0.77319167374421,2
-0.453823375547905,0.7691941346220038,2
-0.46444984625758384,0.7650505743919142,2
-0.47504372779219417,0.7607611322541251,2
-0.4856030283468129,0.7563259744201358,2
-0.49612575516664226,0.7517452941675539,2
-0.506609914913263,0.7470193118899724,2
-0.5170535140319927,0.7421482751419065,2
-0.5274545591202783,0.7371324586787699,2
-0.5378110572970503,0.7319721644918813,2
-0.5481210165729777,0.7266677218384756,2
-0.558382446221562,0.7212194872667007,2
-0.5685933571509942,0.7156278446355843,2
-0.5787517622767079,0.7098932051299661,2
-0.5888556768945585,0.7040160072703691,2
-0.5989031190545727,0.6979967169177975,2
-0.6088921099351827,0.6918358272734569,2
-0.6188206742178914,0.6855338588733734,2
-0.6286868404622855,0.679091359577913,2
-0.6384886414813343,0.6725089045561882,2
-0.648224114716911,0.6657870962653334,2
-0.6578913026154583,0.6589265644246521,2
-0.6674882530037274,0.6519279659846269,2
-0.6770130194645244,0.6447919850907874,2
-0.6864636617123976,0.6375193330424237,2
-0.6958382459691905,0.6301107482461461,2
-0.7051348453393896,0.622566996164292,2
-0.7143515401851956,0.6148888692581768,2
-0.7234864185012573,0.6070771869261757,2
-0.7325375762889843,0.5991327954366539,2
-0.7415031179303812,0.5910565678557294,2
-0.7503811565613183,0.5828494039698857,2
-0.7591698144441773,0.574512230203428,2
-0.7678672233398027,0.5660459995307836,2
-0.7764715248786863,0.5574516913836554,2
-0.7849808709313069,0.5487303115530384,2
-0.7933934239775625,0.5398828920861019,2
-0.8017073574752256,0.5309104911779381,2
-0.8099208562273474,0.5218141930581927,2
-0.8180321167485375,0.5125951078725901,2
-0.8260393476300516,0.5032543715593595,2
-0.8339407699036216,0.4937931457205661,2
-0.84173461740395,0.48421261748837463,2
-0.8494191371298039,0.4745139993862403,2
-0.8569925896036346,0.46469852918506127,2
-0.864453249229652,0.4547674697542975,2
-0.871799404650294,0.4447221089080654,2
-0.8790293591010084,0.4345637592462337,2
-0.8861414307632862,0.4242937579905427,2
-0.8931339531158701,0.41391346681576124,2
-0.9000052752840779,0.40342427167589384,2
-0.906753762387169,0.3928275826254662,2
-0.9133777958836778,0.38212483363591665,2
-0.9198757739146551,0.3713174824071102,2
-0.9262461116447462,0.3604070101739907,2
-0.9324872416010379,0.3493949215084125,2
-0.9385976140096068,0.3382827441161604,2
-0.9445756971297002,0.3270720286292006,2
-0.9504199775854831,0.3157643483931833,2
-0.9561289606952887,0.30436129925021677,2
-0.9617011707983021,0.2928644993169508,2
-0.9671351515786094,0.28127558875800457,2
-0.9724294663865518,0.2695962295547659,2
-0.9775826985573154,0.2578281052695843,2
-0.9825934517266963,0.24597292080539807,2
-0.9874603501439692,0.23403240216084795,2
-0.9921820389818031,0.22200829618086768,2
-0.9967571846431567,0.20990237030284084,2
-1.0011844750650885,0.19771641229831607,2
-1.0054626200194252,0.1854522300103377,2
-1.0095903514102202,0.17311165108643536,2
-1.013566423567939,0.16069652270730458,2
-1.0173896135403184,0.14820871131121208,2
-1.0210587213798328,0.13565010231417277,2
-1.0245725704277049,0.12302259982594813,2
-1.0279300075944058,0.11032812636190159,2
-1.0311299036365862,0.09756862255074684,2
-1.0341711534303732,0.08474604683823862,2
-1.03705267624098,0.07186237518687197,2
-1.0397734159885719,0.05891960077158966,2
-1.042332341510324,0.04591973367159967,2
-1.0447284468186246,0.0328648005583047,2
-1.0469607513553585,0.019756844379412105,2
-1.0490283002422223,0.0065979240392790945,2
-1.0509301645270126,-0.0066098859244640385,2
-1.0526654414258352,-0.01986449566796949,2
-1.0542332545611806,-0.03316380037184725,2
-1.0556327541958153,-0.046505680575400374,2
-1.0568631174624326,-0.05988800251437454,2
-1.0579235485890173,-0.07330861846217565,2
-1.058813279119868,-0.08676536707449531,2
-1.0595315681322304,-0.1002560737372681,2
-1.0600777024484913,-0.11377855091795176,2
-1.060450996843885,-0.1273305985200173,2
-1.0606507942496632,-0.140910004240638,2
-1.0606764659516827,-0.15451454393149952,2
-1.0605274117843622,-0.16814198196266564,2
-1.0602030603199675,-0.18179007158944843,2
-1.0597028690531738,-0.1954565553222301,2
-1.0590263245808649,-0.20913916529916757,2
-1.0581729427771247,-0.22283562366171203,2
-1.0571422689633825,-0.2365436429328879,2
-1.0559338780736611,-0.2502609263982764,2
-1.0545473748148952,-0.2639851684896348,2
-1.0529823938222813,-0.27771405517106734,2
-1.0512385998096065,-0.29144526432772855,2
-1.049315687714538,-0.3051764661569398,2
-1.047213382838817,-0.31890532356169937,2
-1.0449314409833297,-0.3326294925464982,2
-1.0424696485780205,-0.3463466226153709,2
-1.0398278228066091,-0.3600543571721205,2
-1.037005811726076,-0.37375033392265805,2
-1.0340034943808865,-0.38743218527938006,2
-1.0308207809119196,-0.40109753876750825,2
-1.0274576126600727,-0.4147440174333296,2
-1.0239139622645064,-0.4283692402542735,2
-1.0201898337555002,-0.44197082255075243,2
-1.016285262641902,-0.45554637639967216,2
-1.0122003159931234,-0.46909351104958835,2
-1.0079350925156731,-0.48260983333738283,2
-1.0034897226241926,-0.4960929481064319,2
-0.998864368506966,-0.5095404586261763,2
-0.9940592241858918,-0.5229499670130114,2
-0.9890745155708858,-0.5363190746524368,2
-0.983910500508691,-0.5496453826223925,2
-0.978567468826076,-0.5629264921177061,2
-0.9730457423674053,-0.576160004875566,2
-0.967345675026562,-0.5893435236019564,2
-0.9614676527731946,-0.6024746523989825,2
-0.9554120936732798,-0.6155509971930075,2
-0.9491794479039931,-0.628570166163509,2
-0.9427701977628451,-0.6415297701726155,2
-0.9361848576711066,-0.6544274231952044,2
-0.9294239741714736,-0.6672607427495193,2
-0.9224881259199809,-0.680027350328218,2
-0.9153779236721512,-0.692724871829766,2
-0.908094010263366,-0.7053509379901045,2
-0.900637060583446,-0.7179031848145258,2
-0.893007781545437,-0.7303792540096695,2
-0.8852069120485978,-0.7427767934155557,2
-0.8772352229355802,-0.7550934574375842,2
-0.8690935169437926,-0.767326907478432,2
-0.860782628650949,-0.7794748123697507,2
-0.8523034244147963,-0.7915348488036057,2
-0.8436568023070243,-0.803504701763562,2
-0.8348436920413538,-0.8153820649553454,2
-0.8258650548957993,-0.8271646412370075,2
-0.8167218836291081,-0.8388501430485104,2
-0.8074152023913901,-0.8504362928406453,2
-0.7979460666289306,-0.8619208235032154,2
-0.7883155629831888,-0.8733014787924063,2
-0.7785248091839896,-0.8845760137572627,2
-0.7685749539369258,-0.8957421951651879,2
-0.7584671768049671,-0.9067978019263883,2
-0.7482026880842825,-0.9177406255171981,2
-0.7377827286742965,-0.9285684704021889,2
-0.7272085699419774,-0.9392791544549958,2
-0.7164815135803828,-0.9498705093777761,2
-0.7056028914614714,-0.9603403811192245,2
-0.6945740654831829,-0.9706866302910696,2
-0.6833964274108137,-0.9809071325829763,2
-0.6720713987127048,-0.9909997791757622,2
-0.6606004303902586,-1.0009624771528627,2
-0.6489850028022918,-1.0107931499099696,2
-0.6372266254837506,-1.0204897375627586,2
-0.625326836958819,-1.0300501973526293,2
-0.6132872045484307,-1.0394725040503807,2
-0.6011093241721991,-1.0487546503577534,2
-0.588794820144809,-1.0578946473067516,2
-0.5763453449668728,-1.0668905246566784,2
-0.5637625791102981,-1.0757403312887976,2
-0.5510482307981813,-1.0844421355985532,2
-0.5382040357792511,-1.0929940258852753,2
-0.525231757096893,-1.1013941107392906,2
-0.5121331848527966,-1.1096405194263639,2
-0.498910135965246,-1.1177314022693934,2
-0.48556445392207864,-1.1256649310272984,2
-0.4720980085283519,-1.1334392992710136,2
-0.45851269564875935,-1.1410527227565177,2
-0.444810436944825,-1.1485034397948266,2
-0.4309931796068987,-1.1557897116188829,2
-0.4170628960810113,-1.16290982274726,2
-0.4030215837906064,-1.1698620813446186,2
-0.3888712648532075,-1.1766448195788375,2
-0.37461398579205063,-1.1832563939747494,2
-0.36025181724271477,-1.189695185764417,2
-0.3457868536547989,-1.195959601233874,2
-0.33122121298869744,-1.2020480720662632,2
-0.3165570364075102,-1.207959055681301,2
-0.3017964879641203,-1.2136910355710049,2
-0.2869417542834964,-1.2192425216316172,2
-0.27199504424027315,-1.2246120504916465,2
-0.25695858863164805,-1.2297981858359734,2
-0.24183463984563333,-1.2347995187259502,2
-0.22662547152473278,-1.2396146679154265,2
-0.21133337822507192,-1.2442422801626392,2
-0.19596067507105464,-1.2486810305379006,2
-0.18050969740558695,-1.2529296227270237,2
-0.16498280043591187,-1.2569867893304183,2
-0.14938235887511753,-1.2608512921578,2
-0.13371076657938258,-1.2645219225184474,2
-0.11797043618100447,-1.2679975015069458,2
-0.1021637987172588,-1.2712768802843617,2
-0.08629330325515473,-1.2743589403547844,2
-0.07036141651215419,-1.2772425938371776,2
-0.054370622472904175,-1.2799267837324837,2
-0.03832342200203033,-1.2824104841859207,2
-0.022222332453075085,-1.2846927007444187,2
-0.006069887273618442,-1.2867724706091397,2
0.010131364393333678,-1.2886488628830206,2
0.026378858111642207,-1.2903209788132932,2
0.04267001455795455,-1.2917879520289233,2
0.059002239931177626,-1.2930489487729129,2
0.07537292636543022,-1.294103168129422,2
0.09177945234641795,-1.2949498422456525,2
0.10821918313117357,-1.2955882365484457,2
0.1246894711710865,-1.296017649955546,2
0.14118765653814397,-1.2962374150814766,2
0.1577110673543248,-1.2962468984379902,2
0.17425702022408815,-1.2960455006290363,2
0.1908228206698634,-1.295632656540206,2
0.2074057635704947,-1.2950078355226078,2
0.2240031336025452,-1.294170541571131,2
0.24061220568439817,-1.293120313497053,2
0.257230245423108,-1.2918567250949453,2
0.27385450956387314,-1.2903793853038459,2
0.29048224644211096,-1.2886879383626457,2
0.307110696438039,-1.286782063959656,2
0.3237370924336636,-1.2846614773763263,2
0.34035866027215717,-1.282325929625053,2
0.3569726192194788,-1.2797752075810718,2
0.3735761824282332,-1.2770091341083676,2
0.39016655740361783,-1.2740275681795972,2
0.40674094647145514,-1.2708304049899641,2
0.4232965472481559,-1.2674175760650364,2
0.43983055311261116,-1.2637890493624548,2
0.456340153679858,-1.2599448293675226,2
0.4728225352765139,-1.2558849571826236,2
0.4892748814178286,-1.2516095106104648,2
0.5056943732863302,-1.2471186042310969,2
0.5220781902119601,-1.2424123894726915,2
0.5384235101535964,-1.237491054676062,2
0.5547275101819351,-1.2323548251528802,2
0.570987366963584,-1.2270039632375926,2
0.5872002572463508,-1.221438768332988,2
0.6033633583455782,-1.2156595769494198,2
0.6194738486315089,-1.2096667627376396,2
0.635528908017529,-1.2034607365152505,2
0.6515257184492746,-1.1970419462867268,2
0.6674614643944486,-1.1904108772570259,2
0.6833333333333321,-1.1835680518387335,2
0.6991385162498396,-1.1765140296527679,2
0.7148742081230847,-1.1692494075225974,2
0.7305376084193533,-1.1617748194619752,2
0.7461259215843729,-1.1540909366561867,2
0.7616363575358491,-1.1461984674367725,2
0.7770661321561173,-1.1380981572497608,2
0.7924124677848878,-1.1297907886173484,2
0.8076725937119362,-1.1212771810930806,2
0.8228437466697147,-1.1125581912104698,2
0.8379231713257344,-1.1036347124250998,2
0.8529081207746965,-1.0945076750501648,2
0.8677958570302208,-1.0851780461854852,2
0.8825836515161484,-1.0756468296399584,2
0.897268785557273,-1.0659150658474847,2
0.9118485508694566,-1.0559838317763348,2
0.9263202500490318,-1.0458542408319786,2
0.9406811970613763,-1.0355274427533911,2
0.9549287177286244,-1.0250046235028023,2
0.9690601502163703,-1.0142870051489496,2
0.9830728455193338,-1.0033758457437831,2
0.996964167945843,-0.9922724391926875,2
1.0107314956011058,-0.9809781151181789,2
1.0243722208691255,-0.9694942387171355,2
1.0378837508932304,-0.9578222106115252,2
1.051263508055074,-0.9459634666926976,2
1.064508930452076,-0.9339194779591924,2
1.0776174723731617,-0.9216917503481443,2
1.0905866047727601,-0.909281824560249,2
1.1034138157429527,-0.896691275878327,2
1.1160966109836739,-0.8839217139795265,2
1.1286325142709173,-0.8709747827411332,2
1.1410190679228107,-0.8578521600400715,2
1.1532538332635258,-0.8445555575460548,2
1.1653343910848901,-0.8310867205084735,2
1.1772583421056595,-0.8174474275369772,2
1.1890233074283232,-0.8036394903758485,2
1.2006269289934042,-0.7896647536721225,2
1.2120668700311197,-0.7755250947375488,2
1.223340815510363,-0.7612224233043722,2
1.2344464725849007,-0.7467586812749807,2
1.245381571036691,-0.7321358424654779,2
1.2561438637162783,-0.717355912343155,2
1.2667311269801331,-0.7024209277579646,2
1.2771411611249015,-0.6873329566679618,2
1.2873717908184414,-0.6720940978588182,2
1.2974208655276012,-0.6567064806573738,2
1.3072862599426256,-0.6411722646393389,2
1.3169658743981414,-0.6254936393311108,2
1.3264576352906086,-0.6096728239058196,2
1.3357594954921945,-0.593712066873571,2
1.3448694347609547,-0.5776136457659987,2
1.3537854601472719,-0.5613798668151144,2
1.3625056063964616,-0.5450130646265219,2
1.3710279363474602,-0.5285156018470629,2
1.3793505413275393,-0.511889868826886,2
1.3874715415429446,-0.4951382832760575,2
1.3953890864654073,-0.4782632899156856,2
1.403101355214431,-0.4612673601236886,2
1.4106065569353032,-0.4441529915751764,2
1.4179029311727285,-0.4269227078775778,2
1.424988748240041,-0.4095790582004868,2
1.4318623095838956,-0.3921246169003619,2
1.4385219481443896,-0.3745619831400525,2
1.4449660287105215,-0.35689378050328724,2
1.4511929482709334,-0.33912265660411733,2
1.4572011363598614,-0.3212512826913981,2
1.4629890553982172,-0.3032823532483943,2
1.4685552010297456,-0.28521858558750324,2
1.4738981024521765,-0.26706271944023763,2
1.4790163227433188,-0.24881751654244666,2
1.4839084591820133,-0.23048576021492098,2
1.4885731435638951,-0.21207025493936188,2
1.4930090425118874,-0.193573825929863,2
1.4972148577813733,-0.1749993186998855,2
1.5011893265599725,-0.15634959862487816,2
1.5049312217618724,-0.1376275505005238,2
1.5084393523166375,-0.11883607809676336,2
1.5117125634524502,-0.09997810370759957,2
1.5147497369737164,-0.08105656769677663,2
1.5175497915329728,-0.06207442803943319,2
1.5201116828970511,-0.04303465985973358,2
1.5224344042074267,-0.023940254964631997,2
1.5245169862347046,-0.004794221373757292,2
1.526358497627189,0.014400417154421861,2
1.5279580451534713,0.03364062160016313,2
1.5293147739389972,0.05292333816358597,2
1.530427867696549,0.07224549874938695,2
1.5312965489505974,0.09160402145497117,2
1.5319200792554701,0.110995811062009,2
1.5322977594072908,0.13041775953125556,2
1.532428929649633,0.1498667465006218,2
1.5323129698728493,0.16933963978639,2
1.5319492998070254,0.18883329588746636,2
1.5313373792085114,0.20834456049265715,2
1.5304767080399924,0.22787026899080265,2
1.5293668266440439,0.24740724698377292,2
1.5280073159101466,0.2669523108021559,2
1.5263977974350982,0.2865022680236407,2
1.5245379336768023,0.3060539179939248,2
1.5224274281013772,0.32560405235014717,2
1.5200660253235647,0.3451494555466756,2
1.5174535112403809,0.36468690538324755,2
1.5145897131579955,0.38421317353529505,2
1.5114744999117886,0.40372502608643446,2
1.5081077819795512,0.42321922406300455,2
1.5044895115878163,0.4426925239705398,2
1.5006196828112575,0.46214167833215664,2
1.496498331665159,0.48156343622867975,2
1.4921255361908983,0.5009545438405053,2
1.4875014165344358,0.5203117449910258,2
1.482626135017767,0.5396317816916093,2
1.4774998962033312,0.5589113946879604,2
1.472122946951326,0.5781473240078524,2
1.4664955764699363,0.5973363095100588,2
1.4606181163584224,0.6164750914344723,2
1.4544909406430775,0.6355604109532392,2
1.448114465806011,0.6545890107228838,2
1.4414891508067462,0.6735576354372981,2
1.4346154970966305,0.6924630323814845,2
1.4274940486260108,0.7113019519860166,2
1.4201253918441956,0.7300711483820468,2
1.4125101556921529,0.7487673799568478,2
1.404649011587971,0.7673874099097141,2
1.3965426734050292,0.7859280068082045,2
1.388191897442911,0.8043859451445567,2
1.3795974823910095,0.8227580058922532,2
1.3707602692848582,0.841040977062568,2
1.361681141455139,0.8592316542610731,2
1.3523610244694089,0.8773268412439383,2
1.3428008860664962,0.8953233504739843,2
1.3330017360835922,0.9132180036763727,2
1.3229646263760388,0.9310076323938111,2
1.3126906507297829,0.9486890785412363,2
1.3021809447665453,0.9662591949598085,2
1.2914366858416522,0.9837148459701915,2
1.2804590929345896,1.0010529079249522,2
1.2692494265322305,1.0182702697600545,2
1.2578089885047972,1.035363833545278,2
1.2461391219745066,1.0523305150335391,2
1.2342412111769716,1.0691672442089462,2
1.2221166813153037,1.0858709658335608,2
1.209766998406988,1.1024386399927066,2
1.1971936691235008,1.1188672426387776,2
1.1843982406226934,1.135153766133433,2
1.171382300373989,1.1512952197880602,2
1.1581474759763466,1.1672886304024594,2
1.1446954349690839,1.1831310428015978,2
1.1310278846355062,1.198819520370394,2
1.1171465717994296,1.2143511455863805,2
1.1030532826145523,1.2297230205502068,2
1.0887498423467679,1.2449322675138326,2
1.0742381151493712,1.2599760294063695,2
1.0595200038312569,1.2748514703574236,2
1.0445974496180632,1.2895557762179028,2
1.0294724319063577,1.3040861550781317,2
1.014146968010843,1.3184398377832394,2
0.9986231129046289,1.3326140784456928,2
0.9829029589526295,1.3466061549548785,2
0.9669886356380609,1.3604133694836764,2
0.9508823092821422,1.3740330489918828,2
0.9345861827569647,1.3874625457264438,2
0.9181024951916382,1.400699237718357,2
0.9014335216716768,1.4137405292761978,2
0.8845815729317416,1.4265838514761364,2
0.8675489950417011,1.4392266626483963,2
0.8503381690861301,1.4516664488600228,2
0.8329515108372103,1.4639007243939162,2
0.8153914704211548,1.4759270322239997,2
0.7976605319781361,1.487742944486464,2
0.7797612133157938,1.4993460629469926,2
0.7616960655563902,1.5107340194638634,2
0.7434676727775997,1.5219044764468737,2
0.7250786516470652,1.532855127311966,2
0.7065316510506835,1.5435836969315044,2
0.6878293517147605,1.554087942080081,2
0.6689744658220023,1.5643656518758073,2
0.6499697366214828,1.5744146482169636,2
0.6308179380325571,1.58423278621397,2
0.6115218742428616,1.5938179546165534,2
0.59208437930039,1.6031680762360592,2
0.5725083166997312,1.61228110836282,2
0.5527965789625587,1.6211550431784838,2
0.5329520872123594,1.629787908163254,2
0.5129777907435552,1.6381777664979285,2
0.4928766665849861,1.6463227174606916,2
0.4726517190579134,1.6542208968185521,2
0.45230597932851513,1.6618704772133808,2
0.4318425049550314,1.6692696685424413,2
0.41126437942953703,1.6764167183333696,2
0.39057471171450114,1.6833099121135031,2
0.369776635774109,1.6899475737735046,2
0.34887331010051015,1.6963280659251945,2
0.32786791723498837,1.7024497902535345,2
0.3067636632841556,1.7083111878626804,2
0.28556377743127503,1.713910739616037,2
0.2642715114427104,1.7192469664702559,2
0.24289013916967161,1.7243184298030916,2
0.22142295604523599,1.729123731735069,2
0.19987327857681939,1.7336615154448756,2
0.1782444438340772,1.7379304654784342,2
0.15653980893241345,1.7419293080515743,2
0.13476275051207814,1.7456568113462532,2
0.11291666421303369,1.7491117858002538,2
0.09100496414557169,1.7522930843903108,2
0.06903108235686008,1.7551996029085888,2
0.046998468293425244,1.7578302802324717,2
0.024910588259684945,1.7601840985875923,2
0.002770924872648041,1.7622600838040499,2
-0.019417023487211166,1.7640573055657633,2
-0.04164974322872059,1.7655748776528997,2
-0.06392370610643269,1.766811958177328,2
-0.08623536978051331,1.7677677498110458,2
-0.10858117838010824,1.7684415000075264,2
-0.13095756306999767,1.7688325012159383,2
-0.15336094262054897,1.768940091088184,2
-0.1757877239807754,1.7687636526787165,2
-0.1982343028545108,1.7683026146370793,2
-0.2206970642795095,1.767556451393134,2
-0.24317238320945733,1.766524683334921,2
-0.2656566250987689,1.765206876979114,2
-0.2881461464900451,1.7636026451340356,2
-0.3106372956041741,1.7617116470551726,2
-0.33312641293288386,1.7595335885931747,2
-0.35560983183375017,1.7570682223342806,2
-0.3780838791274624,1.7543153477331457,2
-0.40054487569735103,1.751274811238025,2
-0.4229891370909792,1.7479465064082922,2
-0.44541297412379804,1.7443303740242397,2
-0.4678126934846705,1.7404264021891545,2
-0.4901845983432606,1.7362346264236088,2
-0.5125249889590942,1.7317551297519653,2
-0.5348301632922685,1.7269880427810478,2
-0.5570964176156776,1.7219335437709546,2
-0.5793200471286226,1.7165918586980047,2
-0.6014973465717832,1.7109632613097612,2
-0.6236246108433505,1.705048073172146,2
-0.645698135616321,1.6988466637085886,2
-0.6677142179567481,1.6923594502312207,2
-0.6896691569429466,1.6855868979640658,2
-0.7115592542854511,1.6785295200582393,2
-0.7333808149477193,1.6711878775991083,2
-0.755130147767382,1.663562579605431,2
-0.776803566078031,1.6556542830204257,2
-0.798397388331347,1.6474636926947919,2
-0.8199079387195386,1.6389915613616475,2
-0.8413315477979576,1.6302386896033765,2
-0.8626645531077562,1.621205925810399,2
-0.883903299798553,1.611894166131819,2
-0.9050441412509145,1.60230435441799,2
-0.9260834396986368,1.5924374821549454,2
-0.9470175668506315,1.58229458839074,2
-0.9678429045124017,1.571876759653654,2
-0.9885558452069079,1.561185129862304,2
-1.0091527927948147,1.550220880227617,2
-1.0296301630939166,1.5389852391467191,2
-1.0499843844977284,1.5274794820886899,2
-1.0702118985930482,1.5157049314722422,2
-1.0903091607764583,1.5036629565352875,2
-1.1102726408696235,1.4913549731964153,2
-1.1300988237332643,1.4787824439083168,2
-1.1497842098797548,1.4659468775031075,2
-1.1693253160841663,1.452849829029634,2
-1.1887186759937303,1.4394928995827054,2
-1.2079608407355318,1.4258777361243309,2
-1.2270483795224132,1.4120060312969192,2
-1.2459778802568984,1.397879523228518,2
-1.2647459501331129,1.3834999953300497,2
-1.283349216236517,1.3688692760846297,2
-1.301784326141427,1.3539892388289223,2
-1.3200479485061372,1.3388618015266225,2
-1.3381367736656087,1.323488926534038,2
-1.35604751422159,1.3078726203578128,2
-1.3737769056300417,1.2920149334048503,2
-1.3913217067858277,1.275917959724402,2
-1.4086787006044859,1.259583836742427,2
-1.4258446946010608,1.2430147449881752,2
-1.4428165214658137,1.2262129078131105,2
-1.4595910396367855,1.2091805911021212,2
-1.4761651338690367,1.1919201029771407,2
-1.4925357158005348,1.1744337934931306,2
-1.5086997245145155,1.1567240543265471,2
-1.5246541270982905,1.1387933184562495,2
-1.5403959191983334,1.1206440598369702,2
-1.555922125571593,1.102278793065324,2
-1.5712298006329215,1.0837000730384285,2
-1.5863160289984937,1.0649104946052044,2
-1.601177926025165,1.0459126922103361,2
-1.6158126383456237,1.026709339531028,2
-1.630217344399282,1.0073031491065088,2
-1.6443892549587678,0.987696871960433,2
-1.658325613651969,0.967893297216137,2
-1.6720236974794784,0.9478952517048893,2
-1.6854808173274078,0.9277055995671051,2
-1.6986943184754126,0.9073272418466656,2
-1.7116615810998874,0.8867631160783259,2
-1.7243800207722133,0.8660161958683004,2
-1.7368470889519574,0.8450894904681135,2
-1.7490602734749623,0.8239860443417019,2
-1.7610170990362,0.8027089367259229,2
-1.772715127667336,0.781261281184435,2
-1.7841519592088757,0.7596462251551122,2
-1.7953252317768484,0.7378669494909593,2
-1.806232622223893,0.7159266679946935,2
-1.816871846594708,0.69382862694696,2
-1.8272406605757359,0.6715761046283519,2
-1.837336859939031,0.6491724108352012,2
-1.8471582809802,0.6266208863893128,2
-1.8567028009503541,0.6039249026416332,2
-1.8659683384819752,0.5810878609699586,2
-1.8749528540086153,0.5581131922707894,2
-1.8836543501783631,0.5350043564453278,2
-1.8920708722609723,0.5117648418797931,2
-1.9002005085486053,0.48839816492002947,2
-1.9080413907500793,0.46490786934059075,2
-1.9155916943785702,0.44129752580827547,2
-1.9228496391326717,0.41757073134030004,2
-1.9298134892707575,0.39373110875708506,2
-1.9364815539785505,0.36978230612984536,2
-1.94285218772985,0.3457279962229602,2
-1.9489237906403194,0.32157187593131314,2
-1.9546948088142861,0.29731766571260343,2
-1.9601637346844751,0.2729691090147496,2
-1.9653291073445966,0.2485299716985077,2
-1.9701895128747442,0.2240040414553074,2
-1.9747435846595134,0.1993951272205027,2
-1.9789900036987917,0.17470705858201727,2
-1.9829274989111476,0.14994368518458748,2
-1.9865548474297572,0.1251088761295842,2
-1.9898708748908072,0.10020651937061886,2
-1.9928744557143176,0.07524052110491572,2
-1.995564513377315,0.05021480516065846,2
-1.9979400206793074,0.025133312380294176,2
-2.0,1.2246467991473533e-15,2
